<?xml version="1.0" encoding="UTF-8" ?>
<!DOCTYPE mapper PUBLIC "-//mybatis.org//DTD Mapper 3.0//EN"
        "http://mybatis.org/dtd/mybatis-3-mapper.dtd">

<mapper namespace="com.kh.lawservice101.client.model.dao.ClientDAO">
    <resultMap id="clientResultTest" type="ClientVO">

        <result property="clientId" column="client_Id"/>
        <result property="clientPwd" column="client_Pwd" />
        <result property="clientName" column="client_Name" />
        <result property="clientBirthyy" column="client_Birthyy" />
        <result property="clientGender" column="client_Gender" />
        <result property="clientEmail" column="client_Email" />
        <result property="clientPhone" column="client_Phone" />
    </resultMap>
<select id="insertClient" resultType="ClientVO" parameterType="ClientVO" resultMap="clientResultTest">
    INSERT INTO CLIENT_TB (CLIENT_NUM, CLIENT_ID, CLIENT_PWD, CLIENT_NAME, CLIENT_BIRTHYY, CLIENT_GENDER, CLIENT_EMAIL, CLIENT_PHONE)
    VALUES(CLIENT_SEQ.NEXTVAL, #{clientId},#{clientPwd},#{clientName},#{clientBirthyy},#{clientGender},#{clientEmail},#{clientPhone})
</select>

</mapper>
